,City,Cloudiness,Country,Date,Humidity,Lat,Lng,Max Temp,Wind Speed
0,skibbereen,40.0,IE,2/15/2019,93.0,51.55,-9.27,42.8,11.41
1,hithadhoo,88.0,MV,2/15/2019,100.0,-0.6,73.08,83.48,4.76
2,belushya guba,,,,,,,,
3,nelson bay,75.0,AU,2/15/2019,47.0,-32.72,152.14,78.8,17.22
4,vaini,0.0,IN,2/15/2019,67.0,15.34,74.49,60.8,1.97
5,nenjiang,0.0,CN,2/15/2019,43.0,49.17,125.23,17.46,10.02
6,vao,0.0,EE,2/15/2019,97.0,59.1,26.19,32.45,9.01
7,vostok,0.0,RU,2/15/2019,58.0,46.45,135.83,9.81,3.53
8,guanica,36.0,PR,2/15/2019,100.0,17.97,-66.91,77.31,11.48
9,malgrat de mar,90.0,ES,2/15/2019,100.0,41.65,2.74,41.0,1.12
10,rikitea,92.0,PF,2/15/2019,100.0,-23.12,-134.97,76.82,3.42
11,nizhneyansk,,,,,,,,
12,rungata,,,,,,,,
13,saskylakh,32.0,RU,2/15/2019,75.0,71.97,114.09,-11.75,13.27
14,yellowknife,20.0,CA,2/15/2019,83.0,62.45,-114.38,-11.21,6.93
15,illoqqortoormiut,,,,,,,,
16,qaanaaq,56.0,GL,2/15/2019,93.0,77.48,-69.36,-5.0,6.44
17,vuktyl,64.0,RU,2/15/2019,71.0,63.86,57.31,14.31,7.11
18,nikolskoye,75.0,RU,2/15/2019,100.0,59.7,30.79,30.2,11.18
19,novyy urengoy,32.0,RU,2/15/2019,73.0,66.08,76.63,-11.07,10.13
20,mys shmidta,,,,,,,,
21,albany,90.0,US,2/15/2019,69.0,42.65,-73.75,39.2,4.7
22,chokurdakh,12.0,RU,2/15/2019,0.0,70.62,147.9,-43.25,3.09
23,bluff,56.0,AU,2/15/2019,34.0,-23.58,149.07,88.79,8.01
24,zavetnoye,64.0,RU,2/15/2019,85.0,47.12,43.89,19.58,12.71
25,saint-joseph,0.0,FR,2/15/2019,86.0,43.56,6.97,48.2,4.7
26,thompson,20.0,CA,2/15/2019,83.0,55.74,-97.86,-7.61,9.17
27,tuktoyaktuk,5.0,CA,2/15/2019,74.0,69.44,-133.03,-23.81,16.11
28,flinders,90.0,AU,2/15/2019,47.0,-34.58,150.85,78.8,11.41
29,tiznit,92.0,MA,2/15/2019,51.0,29.7,-9.73,61.34,6.33
30,cayenne,20.0,GF,2/15/2019,78.0,4.94,-52.33,78.8,8.05
31,tautira,75.0,PF,2/15/2019,88.0,-17.73,-149.15,78.8,23.04
32,taolanaro,,,,,,,,
33,honiara,100.0,SB,2/15/2019,100.0,-9.43,159.96,74.79,10.92
34,hilo,40.0,US,2/15/2019,60.0,19.71,-155.08,73.4,17.22
35,neiafu,40.0,TO,2/15/2019,79.0,-18.65,-173.98,84.2,6.93
36,kavieng,80.0,PG,2/15/2019,99.0,-2.57,150.8,83.93,15.61
37,ushuaia,20.0,AR,2/15/2019,67.0,-54.81,-68.31,57.2,18.34
38,sokoni,12.0,CD,2/15/2019,94.0,-12.89,28.78,63.05,1.97
39,port alfred,12.0,ZA,2/15/2019,92.0,-33.59,26.89,71.01,8.79
40,quatre cocos,75.0,MU,2/15/2019,94.0,-20.21,57.76,75.2,5.82
41,castro,0.0,CL,2/15/2019,72.0,-42.48,-73.76,66.2,11.41
42,salalah,75.0,OM,2/15/2019,69.0,17.01,54.1,75.2,6.93
43,seoul,40.0,KR,2/15/2019,54.0,37.57,126.98,30.2,6.93
44,torbay,5.0,CA,2/15/2019,85.0,47.66,-52.73,15.8,4.7
45,new norfolk,75.0,AU,2/15/2019,46.0,-42.78,147.06,73.4,4.7
46,nuuk,0.0,GL,2/15/2019,78.0,64.17,-51.74,15.8,8.05
47,longyearbyen,75.0,NO,2/15/2019,60.0,78.22,15.63,8.6,9.17
48,cherskiy,56.0,RU,2/15/2019,47.0,68.75,161.3,-29.48,3.76
49,kismayo,,,,,,,,
50,joao pinheiro,36.0,BR,2/15/2019,82.0,-17.74,-46.17,71.51,2.42
51,mount isa,0.0,AU,2/15/2019,13.0,-20.73,139.49,95.0,8.05
52,olafsvik,,,,,,,,
53,atuona,68.0,PF,2/15/2019,100.0,-9.8,-139.03,80.78,11.81
54,northam,75.0,GB,2/15/2019,100.0,51.04,-4.21,50.0,8.05
55,amderma,,,,,,,,
56,kapaa,75.0,US,2/15/2019,64.0,22.08,-159.32,78.8,20.8
57,ribeira grande,92.0,PT,2/15/2019,94.0,38.52,-28.7,62.96,28.92
58,cape town,75.0,ZA,2/15/2019,100.0,-33.93,18.42,62.6,8.05
59,tasiilaq,88.0,GL,2/15/2019,85.0,65.61,-37.64,19.4,4.7
60,dikson,88.0,RU,2/15/2019,95.0,73.51,80.55,14.09,28.81
61,comodoro rivadavia,0.0,AR,2/15/2019,23.0,-45.87,-67.48,84.2,11.41
62,hamilton,75.0,CA,2/15/2019,67.0,43.26,-79.87,26.6,13.87
63,saint-ambroise,0.0,FR,2/15/2019,92.0,47.25,-0.65,30.2,2.24
64,hovd,0.0,NO,2/15/2019,100.0,63.83,10.7,42.8,5.82
65,kruisfontein,80.0,ZA,2/15/2019,84.0,-34.0,24.73,63.77,8.46
66,punta arenas,40.0,CL,2/15/2019,77.0,-53.16,-70.91,59.0,34.45
67,aanekoski,0.0,FI,2/15/2019,92.0,62.6,25.73,30.2,3.36
68,ilulissat,64.0,GL,2/15/2019,84.0,69.22,-51.1,-0.41,8.05
69,abu samrah,92.0,SY,2/15/2019,91.0,35.3,37.18,39.56,1.97
70,luderitz,92.0,NA,2/15/2019,93.0,-26.65,15.16,62.06,2.42
71,cabo san lucas,5.0,MX,2/15/2019,57.0,22.89,-109.91,77.0,7.78
72,yar-sale,32.0,RU,2/15/2019,75.0,66.83,70.83,-11.57,4.21
73,boa vista,0.0,BR,2/15/2019,54.0,2.82,-60.67,84.2,6.93
74,bubaque,32.0,GW,2/15/2019,97.0,11.28,-15.83,79.07,6.22
75,hobyo,92.0,SO,2/15/2019,90.0,5.35,48.53,75.96,12.71
76,jamestown,0.0,AU,2/15/2019,71.0,-33.21,138.6,77.63,4.76
77,barrow,0.0,AR,2/15/2019,57.0,-38.31,-60.23,71.73,8.79
78,miramar,0.0,CR,2/15/2019,73.0,10.09,-84.73,71.6,5.82
79,suarez,75.0,CO,2/15/2019,100.0,4.05,-74.83,73.4,2.98
80,sampit,80.0,ID,2/15/2019,99.0,-2.54,112.95,77.58,7.9
81,ahipara,0.0,NZ,2/15/2019,64.0,-35.17,173.16,74.75,17.52
82,sibolga,44.0,ID,2/15/2019,91.0,1.74,98.78,77.31,1.97
83,herat,20.0,AF,2/15/2019,56.0,34.35,62.22,35.6,3.36
84,acari,92.0,BR,2/15/2019,100.0,-6.44,-36.64,69.39,2.53
85,sujiatun,0.0,CN,2/15/2019,52.0,45.81,127.11,15.8,8.95
86,iqaluit,5.0,CA,2/15/2019,68.0,63.75,-68.52,-18.41,9.17
87,bengkulu,,,,,,,,
88,samana,20.0,EC,2/15/2019,96.0,0.12,-76.97,75.11,1.41
89,chuy,80.0,UY,2/15/2019,85.0,-33.69,-53.46,69.53,8.34
90,gladstone,75.0,AU,2/15/2019,48.0,-23.84,151.26,86.0,12.75
91,norman wells,20.0,CA,2/15/2019,75.0,65.28,-126.83,-20.21,2.24
92,busselton,12.0,AU,2/15/2019,87.0,-33.64,115.35,72.5,13.71
93,klaksvik,36.0,FO,2/15/2019,86.0,62.23,-6.59,33.8,2.24
94,belaya gora,0.0,RU,2/15/2019,0.0,68.54,146.19,-47.61,2.75
95,grand river south east,,,,,,,,
96,hermanus,64.0,ZA,2/15/2019,98.0,-34.42,19.24,61.07,2.42
97,fortuna,0.0,ES,2/15/2019,93.0,38.18,-1.13,55.4,5.82
98,owando,92.0,CG,2/15/2019,97.0,-0.49,15.91,72.68,3.65
99,nome,90.0,US,2/15/2019,88.0,30.04,-94.42,69.8,11.41
100,saint-augustin,0.0,FR,2/15/2019,93.0,44.83,-0.61,42.8,5.82
101,arraial do cabo,76.0,BR,2/15/2019,100.0,-22.97,-42.02,74.39,17.4
102,vila velha,40.0,BR,2/15/2019,88.0,-3.71,-38.6,82.4,4.7
103,tekeli,36.0,KZ,2/15/2019,67.0,44.86,78.76,15.48,2.42
104,rock sound,80.0,BS,2/15/2019,100.0,24.9,-76.2,73.71,2.08
105,praia,0.0,BR,2/15/2019,88.0,-20.25,-43.81,71.6,3.36
106,loanda,68.0,BR,2/15/2019,83.0,-22.93,-53.14,75.56,10.58
107,pingzhuang,,,,,,,,
108,butaritari,0.0,KI,2/15/2019,100.0,3.07,172.79,81.59,8.12
109,bom jardim,88.0,BR,2/15/2019,97.0,-7.8,-35.59,73.71,2.98
110,nanortalik,0.0,GL,2/15/2019,100.0,60.14,-45.24,22.64,12.26
111,east london,12.0,ZA,2/15/2019,98.0,-33.02,27.91,75.02,9.57
112,oussouye,48.0,SN,2/15/2019,78.0,12.49,-16.54,74.39,16.28
113,puerto ayora,56.0,EC,2/15/2019,100.0,-0.74,-90.35,76.59,0.85
114,sentyabrskiy,,,,,,,,
115,mamallapuram,20.0,IN,2/15/2019,88.0,12.63,80.17,78.8,3.36
116,raudeberg,92.0,NO,2/15/2019,87.0,61.99,5.14,42.8,25.28
117,deh rawud,,,,,,,,
118,natal,40.0,BR,2/15/2019,83.0,-5.81,-35.21,82.4,5.82
119,provideniya,88.0,RU,2/15/2019,95.0,64.42,-173.23,30.2,30.82
120,vanderhoof,88.0,CA,2/15/2019,61.0,54.02,-124.02,7.83,4.65
121,eureka,75.0,US,2/15/2019,100.0,40.8,-124.16,42.8,10.29
122,kaitangata,68.0,NZ,2/15/2019,61.0,-46.28,169.85,56.61,17.74
123,mahon,40.0,IE,2/15/2019,93.0,51.89,-8.4,42.8,11.41
124,port keats,56.0,AU,2/15/2019,82.0,-14.25,129.55,89.28,3.65
125,waipawa,32.0,NZ,2/15/2019,53.0,-39.94,176.59,66.33,17.74
126,aksu,90.0,KZ,2/15/2019,92.0,52.04,76.93,15.8,11.18
127,nabire,48.0,ID,2/15/2019,88.0,-3.36,135.5,77.04,2.64
128,los llanos de aridane,80.0,ES,2/15/2019,63.0,28.66,-17.92,60.8,11.41
129,waingapu,12.0,ID,2/15/2019,85.0,-9.65,120.26,84.51,3.2
130,avarua,12.0,CK,2/15/2019,94.0,-21.21,-159.78,78.8,3.36
131,upernavik,32.0,GL,2/15/2019,100.0,72.79,-56.15,-4.73,2.19
132,mount gambier,0.0,AU,2/15/2019,50.0,-37.83,140.78,75.2,5.82
133,chicama,75.0,PE,2/15/2019,83.0,-7.84,-79.15,75.2,8.05
134,tuatapere,48.0,NZ,2/15/2019,100.0,-46.13,167.69,54.5,13.6
135,redmond,90.0,US,2/15/2019,100.0,47.67,-122.12,44.6,5.77
136,baoro,0.0,CF,2/15/2019,36.0,5.69,15.95,68.27,9.24
137,muros,0.0,ES,2/15/2019,93.0,42.77,-9.06,50.0,1.12
138,tha chang,0.0,TH,2/15/2019,92.0,14.76,100.39,81.99,4.65
139,zanjan,20.0,IR,2/15/2019,90.0,36.67,48.48,28.13,9.91
140,dingle,8.0,PH,2/15/2019,83.0,11.0,122.67,79.11,14.83
141,mataura,56.0,NZ,2/15/2019,63.0,-46.19,168.86,56.79,16.73
142,san quintin,0.0,PH,2/15/2019,51.0,17.54,120.52,81.99,3.87
143,zhuhai,0.0,CN,2/15/2019,45.0,40.71,112.04,5.0,4.47
144,mgandu,0.0,TZ,2/15/2019,76.0,-5.96,34.11,66.29,8.34
145,noumea,68.0,NC,2/15/2019,94.0,-22.28,166.46,78.8,18.34
146,saint-philippe,90.0,CA,2/15/2019,94.0,45.36,-73.48,33.8,27.51
147,pacific grove,80.0,US,2/15/2019,87.0,36.62,-121.92,46.4,7.78
148,thunder bay,5.0,CA,2/15/2019,78.0,48.41,-89.26,8.6,4.7
149,los santos,40.0,CO,2/15/2019,94.0,6.76,-73.1,71.6,5.82
150,mogwase,92.0,ZA,2/15/2019,99.0,-25.28,27.22,63.86,3.65
151,onega,0.0,RU,2/15/2019,81.0,63.91,38.09,16.74,7.56
152,coihaique,0.0,CL,2/15/2019,67.0,-45.58,-72.07,62.6,2.24
153,mayumba,92.0,GA,2/15/2019,100.0,-3.44,10.65,77.09,3.42
154,nishihara,75.0,JP,2/15/2019,61.0,35.74,139.53,50.0,5.82
155,port hardy,90.0,CA,2/15/2019,100.0,50.7,-127.42,33.8,5.82
156,port hedland,0.0,AU,2/15/2019,47.0,-20.31,118.58,98.6,12.75
157,port elizabeth,40.0,US,2/15/2019,62.0,39.31,-74.98,55.4,5.82
158,ilmajoki,90.0,FI,2/15/2019,100.0,62.73,22.58,33.8,8.05
159,sisimiut,20.0,GL,2/15/2019,60.0,66.94,-53.67,-21.29,1.86
160,tilichiki,88.0,RU,2/15/2019,89.0,60.47,166.1,24.66,4.43
161,ostrovnoy,44.0,RU,2/15/2019,90.0,68.05,39.51,22.1,13.38
162,kulhudhuffushi,36.0,MV,2/15/2019,100.0,6.62,73.07,82.49,11.48
163,kodiak,90.0,US,2/15/2019,56.0,39.95,-94.76,14.0,5.82
164,rantepao,36.0,ID,2/15/2019,86.0,-2.97,119.9,76.46,2.98
165,cairns,0.0,AU,2/15/2019,46.0,-16.92,145.77,91.4,10.29
166,hobart,75.0,AU,2/15/2019,46.0,-42.88,147.33,73.4,4.7
167,gillette,1.0,US,2/15/2019,79.0,44.29,-105.5,21.2,14.99
168,ningyang,8.0,CN,2/15/2019,45.0,35.76,116.79,32.72,4.65
169,bathsheba,40.0,BB,2/15/2019,78.0,13.22,-59.52,78.8,17.22
170,constitucion,5.0,MX,2/15/2019,24.0,23.99,-104.67,71.6,3.36
171,lompoc,90.0,US,2/15/2019,87.0,34.64,-120.46,51.8,8.05
172,bonthe,0.0,SL,2/15/2019,96.0,7.53,-12.5,78.08,4.21
173,narsaq,0.0,GL,2/15/2019,60.0,60.91,-46.05,8.6,5.82
174,da lat,88.0,VN,2/15/2019,80.0,11.95,108.44,66.11,3.2
175,saint george,75.0,GR,2/15/2019,88.0,39.45,22.34,41.0,2.64
176,manono,24.0,CD,2/15/2019,99.0,-7.3,27.4,69.39,2.64
177,doctor pedro p. pena,,,,,,,,
178,warqla,,,,,,,,
179,lagoa,40.0,PT,2/15/2019,93.0,37.14,-8.45,53.6,6.93
180,caucasia,88.0,CO,2/15/2019,57.0,7.98,-75.2,87.48,7.23
181,saint-michel-des-saints,44.0,CA,2/15/2019,77.0,46.68,-73.92,27.99,10.02
182,lebu,32.0,ET,2/15/2019,89.0,8.96,38.73,48.56,2.75
183,bambous virieux,75.0,MU,2/15/2019,94.0,-20.34,57.76,75.2,5.82
184,huntington beach,90.0,US,2/15/2019,100.0,33.68,-118.0,55.4,9.17
185,kidal,0.0,ML,2/15/2019,42.0,18.44,1.41,49.41,7.34
186,richards bay,36.0,ZA,2/15/2019,95.0,-28.77,32.06,70.34,2.64
187,salamanca,8.0,ES,2/15/2019,86.0,40.97,-5.66,30.2,1.12
188,puerto rondon,12.0,CO,2/15/2019,54.0,6.28,-71.1,87.35,6.33
189,waling,,,,,,,,
190,athens,90.0,US,2/15/2019,100.0,34.8,-86.97,57.2,6.93
191,malinovoye ozero,56.0,RU,2/15/2019,78.0,51.68,79.77,14.31,9.69
192,sinnamary,20.0,GF,2/15/2019,100.0,5.38,-52.96,76.41,10.02
193,kushima,75.0,JP,2/15/2019,61.0,31.5,131.29,53.6,19.46
194,grants pass,90.0,US,2/15/2019,98.0,42.44,-123.33,42.8,3.98
195,khlung,20.0,TH,2/15/2019,70.0,12.46,102.22,84.2,4.7
196,bandarbeyla,92.0,SO,2/15/2019,100.0,9.49,50.81,75.33,9.35
197,medak,20.0,IN,2/15/2019,78.0,18.05,78.27,71.6,3.36
198,lata,0.0,IN,2/15/2019,100.0,30.78,78.62,36.18,1.63
199,tsihombe,,,,,,,,
200,boyarka,,,,,,,,
201,togur,48.0,RU,2/15/2019,78.0,58.36,82.83,15.93,11.59
202,sola,0.0,FI,2/15/2019,92.0,62.78,29.36,28.4,4.7
203,kunming,0.0,CN,2/15/2019,38.0,25.04,102.71,59.0,13.42
204,ponta do sol,76.0,BR,2/15/2019,93.0,-20.63,-46.0,67.59,3.2
205,manta,0.0,RO,2/15/2019,77.0,45.1,24.1,18.59,2.75
206,saryshagan,,,,,,,,
207,tezu,92.0,IN,2/15/2019,98.0,27.93,96.16,51.98,0.96
208,krasnyy chikoy,0.0,RU,2/15/2019,53.0,50.36,108.75,5.13,3.65
209,colesberg,36.0,ZA,2/15/2019,94.0,-30.72,25.1,54.36,2.64
210,guerrero negro,0.0,MX,2/15/2019,86.0,27.97,-114.04,58.1,15.28
211,dergachi,88.0,RU,2/15/2019,89.0,51.24,48.77,23.94,11.92
212,akyab,,,,,,,,
213,jiujiang,92.0,CN,2/15/2019,100.0,29.73,115.99,40.46,16.17
214,umarkot,0.0,PK,2/15/2019,47.0,25.37,69.74,56.34,5.66
215,lamu,8.0,ID,2/15/2019,65.0,0.57,122.3,86.36,1.3
216,mar del plata,0.0,AR,2/15/2019,28.0,-46.43,-67.52,80.01,17.07
217,esperance,20.0,TT,2/15/2019,83.0,10.24,-61.45,78.8,6.93
218,carnarvon,0.0,ZA,2/15/2019,91.0,-30.97,22.13,54.05,2.75
219,den helder,0.0,NL,2/15/2019,86.0,52.96,4.76,46.4,9.17
220,marcona,,,,,,,,
221,banjar,80.0,ID,2/15/2019,98.0,-7.37,108.54,74.3,2.75
222,mahebourg,75.0,MU,2/15/2019,94.0,-20.41,57.7,75.2,5.82
223,bargal,,,,,,,,
224,urfa,,,,,,,,
225,rudnaya pristan,0.0,RU,2/15/2019,34.0,44.36,135.82,22.73,9.8
226,valparaiso,90.0,US,2/15/2019,79.0,41.47,-87.06,24.8,11.41
227,tiksi,56.0,RU,2/15/2019,74.0,71.64,128.87,-3.56,11.03
228,mahanoro,20.0,MG,2/15/2019,97.0,-19.9,48.8,72.32,2.42
229,alofi,32.0,NU,2/15/2019,74.0,-19.06,-169.92,86.0,4.7
230,toliary,,,,,,,,
231,prince albert,75.0,CA,2/15/2019,75.0,53.2,-105.75,-16.61,3.36
232,beloha,12.0,MG,2/15/2019,89.0,-25.17,45.06,73.89,9.24
233,raga,,,,,,,,
234,biak,48.0,ID,2/15/2019,89.0,-0.91,122.88,82.94,1.74
235,cockburn town,0.0,TC,2/15/2019,100.0,21.46,-71.14,74.34,3.42
236,geraldton,90.0,CA,2/15/2019,71.0,49.72,-86.95,8.6,11.41
237,gobabis,12.0,NA,2/15/2019,94.0,-22.45,18.97,62.87,10.02
238,dzerzhinsk,75.0,RU,2/15/2019,93.0,56.24,43.46,35.6,8.95
239,bredasdorp,56.0,ZA,2/15/2019,94.0,-34.53,20.04,69.8,2.24
240,qaqortoq,0.0,GL,2/15/2019,60.0,60.72,-46.03,8.6,5.82
241,vysokogornyy,24.0,RU,2/15/2019,58.0,50.1,139.13,6.62,7.23
242,meulaboh,36.0,ID,2/15/2019,100.0,4.14,96.13,81.09,2.86
243,attawapiskat,,,,,,,,
244,saldanha,20.0,PT,2/15/2019,83.0,41.42,-6.55,28.76,4.43
245,concepcion del oro,0.0,MX,2/15/2019,65.0,24.63,-101.42,54.63,2.19
246,kerrville,1.0,US,2/15/2019,67.0,30.05,-99.14,62.6,6.67
247,georgetown,20.0,GY,2/15/2019,94.0,6.8,-58.16,75.2,4.7
248,homer,1.0,US,2/15/2019,42.0,59.64,-151.54,28.4,9.17
249,nadvoitsy,20.0,RU,2/15/2019,79.0,63.89,34.27,18.59,5.88
250,brisbane,75.0,AU,2/15/2019,48.0,-27.47,153.02,86.0,13.87
251,souillac,0.0,FR,2/15/2019,86.0,45.6,-0.6,42.8,4.7
252,naze,56.0,NG,2/15/2019,79.0,5.43,7.07,69.26,1.74
253,kasongo,92.0,CD,2/15/2019,85.0,-4.43,26.67,71.6,2.86
254,huilong,92.0,CN,2/15/2019,96.0,28.89,110.18,34.79,5.1
255,barentsburg,,,,,,,,
256,abu dhabi,0.0,AE,2/15/2019,68.0,24.47,54.37,66.2,5.82
257,labutta,,,,,,,,
258,quesnel,90.0,CA,2/15/2019,72.0,52.98,-122.49,17.6,6.93
259,tambovka,20.0,UA,2/15/2019,89.0,46.93,35.45,22.23,8.34
260,serabu,0.0,SL,2/15/2019,84.0,7.79,-12.05,77.63,4.09
261,adrar,0.0,DZ,2/15/2019,26.0,27.87,-0.29,48.2,10.29
262,carutapera,92.0,BR,2/15/2019,97.0,-1.2,-46.02,78.26,6.33
263,kahului,75.0,US,2/15/2019,78.0,20.89,-156.47,73.4,18.34
264,toamasina,40.0,MG,2/15/2019,94.0,-18.17,49.38,73.4,2.42
265,sao joao da barra,68.0,BR,2/15/2019,100.0,-21.64,-41.05,78.39,13.04
266,ondangwa,0.0,NA,2/15/2019,19.0,-17.91,15.98,69.8,3.36
267,baruun-urt,0.0,MN,2/15/2019,42.0,46.68,113.28,10.4,10.25
268,samarai,44.0,PG,2/15/2019,100.0,-10.62,150.67,81.99,27.25
269,hoi an,20.0,VN,2/15/2019,78.0,15.88,108.33,78.8,5.82
270,weymouth,90.0,US,2/15/2019,81.0,42.22,-70.94,51.8,13.87
271,cao bang,92.0,VN,2/15/2019,100.0,22.67,106.25,66.2,3.76
272,goba,0.0,ET,2/15/2019,81.0,7.01,39.97,43.16,2.53
273,dabat,0.0,ET,2/15/2019,72.0,12.98,37.77,53.91,1.74
274,husavik,8.0,CA,2/15/2019,49.0,50.56,-96.99,-17.06,2.86
275,isla mujeres,20.0,MX,2/15/2019,83.0,21.23,-86.73,69.8,3.36
276,yining,92.0,CN,2/15/2019,100.0,29.04,114.56,39.78,2.98
277,morondava,32.0,MG,2/15/2019,100.0,-20.3,44.28,78.17,3.98
278,haines junction,44.0,CA,2/15/2019,84.0,60.75,-137.51,0.54,2.42
279,svetlaya,8.0,RU,2/15/2019,100.0,46.54,138.33,22.86,2.98
280,decatur,90.0,US,2/15/2019,100.0,35.51,-84.79,57.2,3.36
281,bilma,0.0,NE,2/15/2019,34.0,18.69,12.92,45.95,10.02
282,pevek,76.0,RU,2/15/2019,100.0,69.7,170.27,-12.38,5.55
283,khatanga,64.0,RU,2/15/2019,85.0,71.98,102.47,-5.81,16.51
284,emerald,75.0,AU,2/15/2019,43.0,-23.53,148.16,87.8,8.05
285,abalak,0.0,NE,2/15/2019,34.0,15.46,6.28,50.99,11.14
286,amazar,0.0,RU,2/15/2019,49.0,53.86,120.88,15.35,4.88
287,kungurtug,0.0,RU,2/15/2019,50.0,50.6,97.53,-7.79,3.53
288,sterling,40.0,US,2/15/2019,34.0,39.0,-77.4,62.6,19.46
289,guarapari,75.0,BR,2/15/2019,83.0,-20.67,-40.5,80.6,10.92
290,sesimbra,0.0,PT,2/15/2019,71.0,38.45,-9.1,53.6,5.82
291,ballina,92.0,IE,2/15/2019,96.0,54.11,-9.15,48.06,17.85
292,ust-nera,0.0,RU,2/15/2019,0.0,64.57,143.24,-46.89,2.19
293,evans,1.0,US,2/15/2019,59.0,40.38,-104.69,41.0,4.7
294,marzuq,0.0,YE,2/15/2019,83.0,14.4,46.47,38.75,2.42
295,vardo,1.0,US,2/15/2019,16.0,39.62,-77.74,51.8,11.41
296,sitka,0.0,US,2/15/2019,62.0,37.17,-99.65,25.56,11.14
297,buariki,,,,,,,,
298,chistogorskiy,24.0,RU,2/15/2019,55.0,53.98,87.38,3.06,2.75
299,bontang,44.0,ID,2/15/2019,87.0,0.12,117.47,83.66,8.68
300,ust-omchug,8.0,RU,2/15/2019,45.0,61.13,149.63,-30.51,3.42
301,wilmington,75.0,US,2/15/2019,84.0,39.75,-75.55,57.2,16.11
302,victoria,75.0,BN,2/15/2019,74.0,5.28,115.24,87.8,1.12
303,dodge city,90.0,US,2/15/2019,72.0,37.75,-100.02,19.4,8.05
304,mapastepec,0.0,MX,2/15/2019,89.0,15.44,-92.9,69.93,1.97
305,kindu,44.0,CD,2/15/2019,94.0,-2.95,25.92,71.33,1.63
306,tawkar,,,,,,,,
307,kamenskoye,,,,,,,,
308,doba,0.0,TD,2/15/2019,30.0,8.66,16.85,66.38,11.7
309,kukuna,0.0,SL,2/15/2019,84.0,8.64,-12.57,75.69,3.42
310,rawson,0.0,AR,2/15/2019,33.0,-43.3,-65.11,76.82,13.38
311,kununurra,40.0,AU,2/15/2019,56.0,-15.77,128.74,93.2,5.82
312,saint-pierre,0.0,FR,2/15/2019,74.0,48.95,4.24,37.4,8.05
313,airai,20.0,TL,2/15/2019,65.0,-8.93,125.41,82.71,1.63
314,havoysund,68.0,NO,2/15/2019,62.0,71.0,24.66,24.8,28.86
315,lalibela,56.0,ET,2/15/2019,98.0,12.04,39.05,50.18,2.08
316,laytown,40.0,IE,2/15/2019,81.0,53.68,-6.24,48.2,12.75
317,lagdo,0.0,CM,2/15/2019,28.0,9.06,13.67,68.0,2.24
318,port macquarie,90.0,AU,2/15/2019,44.0,-31.43,152.91,78.8,11.41
319,nguiu,,,,,,,,
320,strezhevoy,90.0,RU,2/15/2019,85.0,60.73,77.6,14.0,11.18
321,uitenhage,90.0,ZA,2/15/2019,94.0,-33.77,25.4,71.6,6.93
322,kaeo,0.0,NZ,2/15/2019,37.0,-35.1,173.78,80.42,15.5
323,lavrentiya,92.0,RU,2/15/2019,94.0,65.58,-170.99,18.05,41.79
324,havre-saint-pierre,75.0,CA,2/15/2019,92.0,50.23,-63.6,23.0,9.17
325,omboue,76.0,GA,2/15/2019,100.0,-1.57,9.26,77.36,4.43
326,katsuura,75.0,JP,2/15/2019,86.0,33.93,134.5,51.8,17.22
327,maniwaki,88.0,CA,2/15/2019,75.0,46.38,-75.98,26.15,9.24
328,codrington,75.0,AU,2/15/2019,69.0,-28.95,153.24,80.6,14.99
329,conceicao do araguaia,32.0,BR,2/15/2019,99.0,-8.26,-49.26,76.14,3.53
330,kharsia,92.0,IN,2/15/2019,99.0,21.99,83.11,63.95,4.43
331,paris,0.0,FR,2/15/2019,71.0,48.86,2.35,39.2,3.36
332,vagur,32.0,FO,2/15/2019,100.0,61.47,-6.81,44.24,6.33
333,gulshat,,,,,,,,
334,pangnirtung,36.0,CA,2/15/2019,91.0,66.15,-65.72,-20.97,4.54
335,doha,0.0,QA,2/15/2019,77.0,25.29,51.53,69.8,28.86
336,zaysan,20.0,KZ,2/15/2019,38.0,47.47,84.87,-5.45,2.19
337,karkaralinsk,,,,,,,,
338,los alamos,1.0,US,2/15/2019,62.0,35.88,-106.3,41.0,4.54
339,logan,90.0,US,2/15/2019,80.0,41.73,-111.83,35.6,3.36
340,balikpapan,20.0,ID,2/15/2019,66.0,-1.24,116.86,86.0,13.87
341,shingu,75.0,JP,2/15/2019,66.0,33.72,135.99,51.8,18.34
342,san rafael del sur,20.0,NI,2/15/2019,61.0,11.85,-86.44,82.4,9.17
343,pangkalanbuun,32.0,ID,2/15/2019,95.0,-2.68,111.62,83.43,4.21
344,chagda,,,,,,,,
345,cidreira,68.0,BR,2/15/2019,95.0,-30.17,-50.22,68.18,9.24
346,martapura,40.0,ID,2/15/2019,83.0,-3.41,114.85,82.4,6.93
347,fairbanks,1.0,US,2/15/2019,76.0,64.84,-147.72,-4.01,5.44
348,cooma,56.0,AU,2/15/2019,36.0,-36.24,149.13,77.0,8.05
349,tomatlan,0.0,MX,2/15/2019,85.0,19.93,-105.25,69.66,2.08
350,pucallpa,75.0,PE,2/15/2019,94.0,-8.38,-74.54,75.2,4.7
351,warrnambool,0.0,AU,2/15/2019,86.0,-38.38,142.48,68.36,7.23
352,pierre,90.0,US,2/15/2019,84.0,44.37,-100.35,6.8,13.87
353,puerto el triunfo,0.0,SV,2/15/2019,88.0,13.27,-88.55,77.0,3.36
354,abonnema,12.0,NG,2/15/2019,94.0,4.71,6.79,66.69,2.64
355,huaihua,92.0,CN,2/15/2019,100.0,27.56,109.96,36.23,6.22
356,nizhnevartovsk,90.0,RU,2/15/2019,85.0,60.93,76.58,14.0,11.18
357,touros,40.0,BR,2/15/2019,88.0,-5.2,-35.46,80.6,3.36
358,berea,90.0,US,2/15/2019,63.0,41.37,-81.85,28.4,18.34
359,avera,90.0,US,2/15/2019,100.0,33.19,-82.53,60.8,3.36
360,bojaya,,,,,,,,
361,lugovoy,0.0,RU,2/15/2019,81.0,59.72,65.88,5.94,2.75
362,te anau,0.0,NZ,2/15/2019,49.0,-45.41,167.72,58.23,3.53
363,talnakh,64.0,RU,2/15/2019,75.0,69.49,88.39,-7.34,5.99
364,kovdor,76.0,RU,2/15/2019,93.0,67.56,30.47,24.21,2.75
365,mandalgovi,0.0,MN,2/15/2019,48.0,45.76,106.27,6.48,7.11
366,san ramon de la nueva oran,0.0,AR,2/15/2019,85.0,-23.13,-64.33,69.44,1.97
367,praia da vitoria,40.0,PT,2/15/2019,93.0,38.73,-27.07,59.0,28.92
368,saint-raphael,36.0,HT,2/15/2019,92.0,19.43,-72.2,67.14,1.74
369,leningradskiy,12.0,RU,2/15/2019,77.0,69.38,178.42,-0.59,13.71
370,paamiut,0.0,GL,2/15/2019,100.0,61.99,-49.67,21.56,11.36
371,otradnoye,75.0,RU,2/15/2019,100.0,59.77,30.8,30.2,11.18
372,oksfjord,92.0,NO,2/15/2019,62.0,70.24,22.35,24.8,28.86
373,tabulbah,,,,,,,,
374,kigali,40.0,RW,2/15/2019,88.0,-1.95,30.06,62.6,2.24
375,kondinskoye,24.0,RU,2/15/2019,76.0,59.65,67.41,7.61,2.98
376,oranjemund,92.0,ZA,2/15/2019,94.0,-28.55,16.43,64.85,8.68
377,jardim,0.0,BR,2/15/2019,89.0,-21.48,-56.15,69.98,6.33
378,trindade,20.0,BR,2/15/2019,83.0,-16.66,-49.49,75.2,8.05
379,conde,92.0,BR,2/15/2019,91.0,-11.81,-37.61,80.24,10.02
380,bethel,90.0,US,2/15/2019,92.0,60.79,-161.76,30.2,10.29
381,vilyuysk,64.0,RU,2/15/2019,66.0,63.75,121.63,17.73,10.69
382,yatou,40.0,CM,2/15/2019,100.0,3.63,9.81,78.8,2.24
383,khandyga,12.0,RU,2/15/2019,43.0,62.65,135.58,-28.17,2.42
384,puerto del rosario,80.0,ES,2/15/2019,82.0,28.5,-13.86,57.2,5.82
385,hornepayne,68.0,CA,2/15/2019,68.0,49.22,-84.78,9.32,9.69
386,nizwa,0.0,OM,2/15/2019,77.0,22.93,57.53,46.67,2.75
387,talavera de la reina,12.0,ES,2/15/2019,75.0,39.96,-4.83,35.6,6.22
388,aflu,,,,,,,,
389,yerbogachen,80.0,RU,2/15/2019,70.0,61.28,108.01,17.73,10.25
390,yeppoon,40.0,AU,2/15/2019,45.0,-23.13,150.74,87.8,10.29
391,sabang,12.0,PH,2/15/2019,78.0,13.72,123.58,80.73,9.13
392,rio grande,88.0,BR,2/15/2019,98.0,-32.03,-52.1,72.14,16.84
393,tucurui,92.0,BR,2/15/2019,100.0,-3.77,-49.67,74.34,2.19
394,taoudenni,0.0,ML,2/15/2019,31.0,22.68,-3.98,58.41,10.8
395,inza,88.0,RU,2/15/2019,91.0,53.86,46.36,31.23,9.69
396,upata,0.0,VE,2/15/2019,71.0,8.02,-62.41,76.68,8.68
397,milkovo,90.0,BG,2/15/2019,69.0,41.53,24.68,41.0,4.7
398,oktyabrskoye,0.0,RU,2/15/2019,67.0,56.73,85.44,19.4,17.9
399,zyryanovsk,92.0,KZ,2/15/2019,59.0,49.74,84.27,3.83,2.19
400,kytlym,,,,,,,,
401,rolla,90.0,US,2/15/2019,85.0,37.95,-91.77,19.4,10.29
402,ancud,0.0,CL,2/15/2019,72.0,-41.87,-73.83,66.2,11.41
403,kostomuksha,32.0,RU,2/15/2019,84.0,64.59,30.6,21.69,3.98
404,honningsvag,56.0,NO,2/15/2019,100.0,70.98,25.97,24.8,12.71
405,kashi,,,,,,,,
406,talaya,0.0,RU,2/15/2019,67.0,55.79,84.89,19.4,17.9
407,kanniyakumari,0.0,IN,2/15/2019,100.0,8.08,77.57,81.14,11.03
408,dengzhou,92.0,CN,2/15/2019,76.0,32.69,112.08,34.61,11.36
409,teguldet,56.0,RU,2/15/2019,83.0,57.31,88.17,17.24,8.01
410,pusztafoldvar,0.0,HU,2/15/2019,100.0,46.53,20.8,28.4,2.24
411,deputatskiy,8.0,RU,2/15/2019,0.0,69.3,139.9,-42.21,3.09
412,osakarovka,80.0,KZ,2/15/2019,85.0,50.56,72.58,19.53,12.82
413,bambanglipuro,24.0,ID,2/15/2019,96.0,-7.95,110.28,81.63,4.32
414,cantavir,0.0,RS,2/15/2019,92.0,45.92,19.76,28.4,2.24
415,beringovskiy,88.0,RU,2/15/2019,97.0,63.05,179.32,31.82,25.01
416,ketchikan,75.0,US,2/15/2019,100.0,55.34,-131.65,35.6,6.93
417,karauzyak,,,,,,,,
418,lolua,,,,,,,,
419,rolim de moura,,,,,,,,
420,gazojak,20.0,TM,2/15/2019,78.0,41.19,61.4,22.64,3.53
421,solwezi,80.0,ZM,2/15/2019,96.0,-12.18,26.4,62.06,2.98
422,jogbani,100.0,NP,2/15/2019,99.0,26.4,87.26,60.84,3.53
423,solnechnyy,44.0,RU,2/15/2019,65.0,50.72,136.64,12.69,1.07
424,vaitupu,,,,,,,,
425,samusu,,,,,,,,
426,mrirt,,,,,,,,
427,maraba,0.0,BR,2/15/2019,100.0,-5.35,-49.1,77.0,4.7
428,garwolin,90.0,PL,2/15/2019,100.0,51.9,21.61,35.6,4.7
429,iquitos,75.0,PE,2/15/2019,88.0,-3.75,-73.25,77.0,8.05
430,jinji,100.0,CN,2/15/2019,97.0,22.16,112.49,71.15,3.87
431,galiwinku,,,,,,,,
432,spearfish,1.0,US,2/15/2019,84.0,44.49,-103.86,15.8,4.7
433,turukhansk,20.0,RU,2/15/2019,51.0,65.8,87.96,-9.68,5.66
434,rey bouba,0.0,CM,2/15/2019,60.0,8.67,14.18,55.67,3.2
435,glendive,90.0,US,2/15/2019,84.0,47.11,-104.71,10.4,26.4
436,ilhabela,100.0,BR,2/15/2019,100.0,-23.78,-45.36,73.31,20.31
437,fukue,75.0,JP,2/15/2019,61.0,35.03,136.69,48.2,8.05
438,medea,0.0,DZ,2/15/2019,100.0,36.27,2.77,39.2,3.36
439,palmer,1.0,US,2/15/2019,61.0,61.6,-149.11,17.6,2.3
440,shillong,75.0,IN,2/15/2019,83.0,25.58,91.88,69.8,3.36
441,henties bay,92.0,NA,2/15/2019,100.0,-22.12,14.28,61.34,3.87
442,kokopo,44.0,PG,2/15/2019,100.0,-4.34,152.27,81.54,12.03
443,cancun,20.0,MX,2/15/2019,83.0,21.17,-86.85,69.8,3.36
444,tanout,0.0,NE,2/15/2019,38.0,14.97,8.88,49.23,10.8
445,luganville,68.0,VU,2/15/2019,100.0,-15.51,167.18,80.24,24.79
446,aswan,0.0,EG,2/15/2019,100.0,24.09,32.9,39.56,4.21
447,peleduy,80.0,RU,2/15/2019,68.0,59.63,112.75,18.32,9.8
448,festus,90.0,US,2/15/2019,85.0,38.22,-90.4,23.0,8.05
449,ardesen,75.0,TR,2/15/2019,100.0,41.19,40.99,42.8,5.82
450,cruzeiro do sul,75.0,BR,2/15/2019,94.0,-7.63,-72.67,75.2,2.42
451,clyde river,90.0,CA,2/15/2019,83.0,70.47,-68.59,-11.21,10.29
452,bonfim,12.0,GY,2/15/2019,56.0,3.36,-59.84,83.3,14.5
453,sulangan,0.0,PH,2/15/2019,99.0,11.14,123.72,79.61,14.5
454,malwan,,,,,,,,
455,sur,0.0,OM,2/15/2019,100.0,22.57,59.53,68.27,6.44
456,kloulklubed,75.0,PW,2/15/2019,70.0,7.04,134.26,84.2,12.75
457,hirara,75.0,JP,2/15/2019,78.0,24.8,125.28,73.4,8.05
458,kudahuvadhoo,76.0,MV,2/15/2019,100.0,2.67,72.89,78.48,4.65
459,zamania,48.0,IN,2/15/2019,100.0,25.42,83.56,63.23,4.09
460,gimli,8.0,CA,2/15/2019,49.0,50.63,-96.99,-17.06,2.86
461,hervey bay,90.0,AU,2/15/2019,45.0,-25.3,152.85,84.2,17.22
462,verkhoyansk,0.0,RU,2/15/2019,77.0,67.55,133.39,-38.84,2.75
463,cheuskiny,,,,,,,,
464,wanxian,56.0,CN,2/15/2019,91.0,30.8,108.39,42.44,2.64
465,ariquemes,56.0,BR,2/15/2019,93.0,-9.91,-63.03,75.96,1.63
466,rongcheng,0.0,CN,2/15/2019,56.0,37.16,122.42,35.64,15.05
467,pangai,20.0,TO,2/15/2019,74.0,-19.8,-174.35,86.0,2.24
468,nouakchott,12.0,MR,2/15/2019,59.0,18.08,-15.98,66.2,14.99
469,camacha,20.0,PT,2/15/2019,76.0,33.08,-16.33,57.2,2.24
470,kimbe,80.0,PG,2/15/2019,100.0,-5.56,150.15,79.74,10.58
471,porto torres,0.0,IT,2/15/2019,100.0,40.84,8.4,41.0,3.36
472,amurzet,12.0,CN,2/15/2019,57.0,47.69,131.09,20.12,9.57
473,vestmannaeyjar,24.0,IS,2/15/2019,100.0,63.44,-20.27,28.53,4.99
474,mareeba,0.0,AU,2/15/2019,46.0,-16.99,145.42,91.4,10.29
475,yevsino,80.0,RU,2/15/2019,83.0,54.42,83.32,14.45,16.4
476,nouadhibou,0.0,MR,2/15/2019,88.0,20.93,-17.03,62.6,17.22
477,rio gallegos,0.0,AR,2/15/2019,40.0,-51.62,-69.22,69.8,19.46
478,mangai,68.0,CD,2/15/2019,93.0,-4.07,19.59,73.44,2.53
479,kondopoga,20.0,RU,2/15/2019,86.0,62.21,34.27,28.4,8.95
480,fontenay-le-comte,0.0,FR,2/15/2019,87.0,46.47,-0.81,42.8,6.93
481,asfi,,,,,,,,
482,magistralnyy,88.0,RU,2/15/2019,71.0,56.17,107.45,10.08,4.21
483,machiques,0.0,VE,2/15/2019,75.0,10.06,-72.55,69.8,6.11
484,san cristobal,40.0,EC,2/15/2019,87.0,-0.39,-78.55,59.0,3.36
485,guaruja,75.0,BR,2/15/2019,100.0,-23.99,-46.26,66.2,3.36
486,concarneau,90.0,FR,2/15/2019,100.0,47.88,-3.92,48.2,3.36
487,north myrtle beach,40.0,US,2/15/2019,59.0,33.83,-78.68,62.6,5.82
488,xining,44.0,CN,2/15/2019,60.0,36.62,101.77,18.95,3.09
489,yanam,40.0,IN,2/15/2019,78.0,16.73,82.22,73.4,6.93
490,manbij,0.0,SY,2/15/2019,87.0,36.53,37.96,32.0,2.24
491,paradwip,,,,,,,,
492,lewisville,1.0,US,2/15/2019,57.0,33.05,-96.99,50.0,11.41
493,tigil,56.0,RU,2/15/2019,83.0,57.8,158.67,6.93,4.43
494,farah,48.0,AF,2/15/2019,88.0,32.37,62.11,36.59,3.87
495,potsdam,0.0,DE,2/15/2019,74.0,52.4,13.06,37.4,2.24
496,duma,68.0,SY,2/15/2019,93.0,33.57,36.4,44.6,13.87
497,kirakira,88.0,SB,2/15/2019,97.0,-10.46,161.92,83.93,32.95
498,espanola,64.0,CA,2/15/2019,64.0,46.27,-81.77,19.98,9.01
499,kuche,,,,,,,,
500,kharp,32.0,RU,2/15/2019,60.0,66.82,65.8,-13.1,3.76
501,morro bay,90.0,US,2/15/2019,87.0,35.37,-120.85,51.8,12.75
502,tamiahua,0.0,MX,2/15/2019,94.0,21.28,-97.45,73.44,14.16
503,port lincoln,0.0,AU,2/15/2019,67.0,-34.72,135.86,78.71,0.96
504,khanpur,0.0,PK,2/15/2019,88.0,28.65,70.66,52.25,2.98
505,yumen,80.0,CN,2/15/2019,73.0,40.29,97.04,8.6,7.56
506,channapatna,0.0,IN,2/15/2019,83.0,12.65,77.22,71.6,4.7
507,imeni poliny osipenko,36.0,RU,2/15/2019,67.0,52.42,136.49,12.11,4.54
508,banda aceh,64.0,ID,2/15/2019,87.0,5.56,95.32,82.08,1.19
509,hambantota,40.0,LK,2/15/2019,100.0,6.12,81.12,77.0,2.24
510,easton,90.0,US,2/15/2019,81.0,42.02,-71.13,51.8,13.87
511,freeport,64.0,BS,2/15/2019,100.0,26.54,-78.7,72.86,4.65
512,tafresh,0.0,IR,2/15/2019,59.0,34.69,50.01,34.83,9.24
513,jumla,92.0,NP,2/15/2019,95.0,29.28,82.18,24.8,1.74
514,faanui,80.0,PF,2/15/2019,100.0,-16.48,-151.75,83.75,12.59
515,shagamu,20.0,NG,2/15/2019,94.0,6.84,3.65,78.8,2.24
516,berlevag,20.0,NO,2/15/2019,100.0,70.86,29.09,13.64,3.09
517,kargasok,80.0,RU,2/15/2019,75.0,59.06,80.87,16.88,7.45
518,xai-xai,92.0,MZ,2/15/2019,100.0,-25.04,33.64,73.85,11.59
519,kichera,56.0,RU,2/15/2019,80.0,55.93,110.1,-2.93,0.74
520,lephepe,,,,,,,,
521,aykhal,56.0,RU,2/15/2019,73.0,65.95,111.51,12.78,9.69
522,aksarka,32.0,RU,2/15/2019,62.0,66.56,67.8,-7.56,8.12
523,yen bai,80.0,VN,2/15/2019,99.0,21.7,104.87,70.25,2.75
524,tumannyy,,,,,,,,
525,kalemie,88.0,CD,2/15/2019,100.0,-5.95,29.2,73.44,7.23
526,sorvag,,,,,,,,
527,pleasanton,40.0,US,2/15/2019,87.0,37.66,-121.87,50.0,5.21
528,ouango,32.0,CD,2/15/2019,73.0,4.31,22.55,76.55,3.98
529,rocha,0.0,UY,2/15/2019,89.0,-34.48,-54.34,56.84,2.75
530,ciras,,,,,,,,
531,adre,0.0,TD,2/15/2019,31.0,13.47,22.2,61.88,14.72
532,nueve de julio,0.0,AR,2/15/2019,47.0,-31.67,-68.39,68.09,2.19
533,wewak,8.0,PG,2/15/2019,85.0,-3.55,143.63,83.3,4.99
534,srednekolymsk,76.0,RU,2/15/2019,61.0,67.46,153.71,-34.25,2.64
535,kavaratti,0.0,IN,2/15/2019,100.0,10.57,72.64,82.22,10.92
536,xingyi,32.0,CN,2/15/2019,41.0,24.19,102.82,66.33,7.23
537,zheleznogorsk,0.0,RU,2/15/2019,45.0,56.25,93.53,24.8,6.71
538,vorotynets,88.0,RU,2/15/2019,93.0,56.06,45.86,31.01,13.71
539,sambava,80.0,MG,2/15/2019,100.0,-14.27,50.17,79.34,2.86
540,chapleau,90.0,CA,2/15/2019,85.0,47.85,-83.4,10.4,8.05
541,chahuites,0.0,MX,2/15/2019,87.0,16.29,-94.19,72.86,3.53
542,ust-maya,68.0,RU,2/15/2019,65.0,60.42,134.54,-15.21,3.76
543,namatanai,88.0,PG,2/15/2019,100.0,-3.66,152.44,81.36,15.28
544,santiago del estero,0.0,AR,2/15/2019,71.0,-27.8,-64.26,71.64,7.67
545,karaton,75.0,ID,2/15/2019,78.0,-6.34,106.1,82.4,2.24
546,beboto,0.0,TD,2/15/2019,30.0,8.27,16.94,66.38,11.7
547,harper,1.0,US,2/15/2019,59.0,30.3,-99.24,71.6,3.36
548,tidore,,,,,,,,
549,mudyuga,,,,,,,,
550,joshimath,12.0,IN,2/15/2019,83.0,30.57,79.57,12.2,0.63
551,saleaula,,,,,,,,
552,mana,75.0,RS,2/15/2019,93.0,43.52,20.24,33.8,1.12
553,la ronge,90.0,CA,2/15/2019,76.0,55.1,-105.3,-5.81,2.24
554,disa,0.0,NG,2/15/2019,40.0,11.03,13.59,53.96,4.76
555,kortkeros,90.0,RU,2/15/2019,92.0,61.81,51.56,15.8,4.47
556,severo-kurilsk,48.0,RU,2/15/2019,100.0,50.68,156.12,20.75,13.27
557,eyl,92.0,SO,2/15/2019,100.0,7.98,49.82,74.39,11.81
558,boyuibe,36.0,BO,2/15/2019,67.0,-20.43,-63.28,70.74,8.23
559,lenoir city,90.0,US,2/15/2019,100.0,35.8,-84.26,50.0,5.77
560,burica,,,,,,,,
561,petropavlovsk-kamchatskiy,44.0,RU,2/15/2019,37.0,53.05,158.65,21.2,20.13
562,senador jose porfirio,76.0,BR,2/15/2019,100.0,-2.59,-51.95,75.92,4.76
563,kalmunai,92.0,LK,2/15/2019,98.0,7.42,81.82,77.9,3.76
564,bom jesus,44.0,BR,2/15/2019,95.0,-9.08,-44.36,76.01,4.76
565,karagay,76.0,RU,2/15/2019,86.0,58.27,54.93,17.46,6.44
566,jesup,90.0,US,2/15/2019,45.0,31.61,-81.89,64.4,4.7
567,salinopolis,88.0,BR,2/15/2019,96.0,-0.61,-47.36,81.18,13.04
568,trofors,92.0,NO,2/15/2019,87.0,65.54,13.39,44.6,36.91
569,kurilsk,64.0,RU,2/15/2019,98.0,45.23,147.88,26.64,14.5
570,wanning,0.0,AT,2/15/2019,100.0,48.64,13.53,26.6,3.36
571,caxito,64.0,BR,2/15/2019,96.0,-22.65,-42.51,71.24,10.8
572,moron,56.0,VE,2/15/2019,94.0,10.49,-68.2,69.66,2.64
573,peravurani,88.0,IN,2/15/2019,93.0,10.15,79.08,79.56,1.74
574,da nang,,,,,,,,
575,korla,,,,,,,,
576,neiba,64.0,DO,2/15/2019,91.0,18.49,-71.42,65.66,2.19
577,presidente epitacio,12.0,BR,2/15/2019,96.0,-21.76,-52.12,69.35,3.09
578,dawei,0.0,MM,2/15/2019,78.0,14.07,98.19,81.05,1.97
579,portland,90.0,US,2/15/2019,81.0,45.52,-122.67,44.6,17.22
580,kihei,75.0,US,2/15/2019,78.0,20.76,-156.45,73.4,18.34
581,songadh,0.0,IN,2/15/2019,66.0,21.71,71.89,62.87,5.44
582,plouzane,90.0,FR,2/15/2019,100.0,48.38,-4.62,48.2,8.05
583,kabelvag,92.0,NO,2/15/2019,95.0,68.21,14.48,40.23,36.08
584,itarema,80.0,BR,2/15/2019,97.0,-2.92,-39.92,77.04,3.98
585,kendari,68.0,ID,2/15/2019,89.0,-3.99,122.52,80.28,3.76
586,vizinga,88.0,RU,2/15/2019,91.0,61.08,50.08,20.66,3.87
587,nanton,92.0,CA,2/15/2019,75.0,50.35,-113.77,-0.36,3.53
588,bac can,,,,,,,,
589,ossora,76.0,RU,2/15/2019,91.0,59.24,163.07,10.22,18.86
590,iquique,90.0,CL,2/15/2019,68.0,-20.22,-70.14,69.8,3.36
591,swidnica,0.0,PL,2/15/2019,92.0,50.84,16.49,26.6,2.24
592,valley city,1.0,US,2/15/2019,83.0,46.92,-98.0,-13.01,5.82
593,grindavik,20.0,IS,2/15/2019,86.0,63.84,-22.43,28.4,2.24
594,sao miguel dos campos,75.0,BR,2/15/2019,83.0,-9.78,-36.09,78.8,4.7
595,maamba,68.0,ZM,2/15/2019,87.0,-17.36,27.22,66.33,4.99
596,biltine,0.0,TD,2/15/2019,34.0,14.53,20.93,58.68,8.23
597,port-gentil,88.0,GA,2/15/2019,100.0,-0.72,8.78,78.35,3.76
598,bonnyville,40.0,CA,2/15/2019,59.0,54.27,-110.74,1.4,8.05
599,baturaja,32.0,ID,2/15/2019,96.0,-4.12,104.17,82.22,4.99
600,virtsu,0.0,EE,2/15/2019,86.0,58.57,23.51,37.4,9.17
601,lac du bonnet,0.0,CA,2/15/2019,66.0,50.25,-96.06,-9.23,2.98
602,grand gaube,75.0,MU,2/15/2019,94.0,-20.01,57.66,75.2,5.82
603,fare,24.0,PF,2/15/2019,95.0,-16.7,-151.02,85.1,14.5
604,samalaeulu,,,,,,,,
605,teofilo otoni,92.0,BR,2/15/2019,92.0,-17.86,-41.51,72.05,6.78
606,trairi,92.0,BR,2/15/2019,100.0,-3.28,-39.27,80.42,3.65
607,belyy yar,24.0,RU,2/15/2019,83.0,53.6,91.39,-5.81,2.75
608,casablanca,75.0,MA,2/15/2019,100.0,33.6,-7.62,53.6,11.41
609,mvangue,88.0,CM,2/15/2019,97.0,2.97,11.5,70.79,2.64
610,lasa,90.0,CY,2/15/2019,93.0,34.92,32.53,51.8,9.17
611,vestmanna,36.0,FO,2/15/2019,86.0,62.16,-7.17,33.8,2.24
612,atambua,68.0,ID,2/15/2019,100.0,-9.11,124.89,81.68,4.43
613,kupang,40.0,ID,2/15/2019,66.0,-10.16,123.6,91.4,6.93
614,buin,0.0,CL,2/15/2019,72.0,-33.73,-70.74,64.4,10.29
615,taksimo,0.0,RU,2/15/2019,55.0,56.36,114.84,4.37,2.75
616,nola,32.0,CF,2/15/2019,62.0,3.52,16.05,67.14,2.98
617,seymchan,68.0,RU,2/15/2019,42.0,62.93,152.39,-28.13,1.63
618,katangli,56.0,RU,2/15/2019,100.0,51.71,143.23,12.96,15.84
619,alyangula,40.0,AU,2/15/2019,59.0,-13.85,136.42,91.4,5.82
620,twentynine palms,1.0,US,2/15/2019,57.0,34.14,-116.05,60.8,16.11
621,pundaguitan,68.0,PH,2/15/2019,100.0,6.37,126.17,78.08,9.13
622,monroe,1.0,US,2/15/2019,73.0,41.91,-83.4,24.8,10.29
623,omsukchan,64.0,RU,2/15/2019,67.0,62.53,155.8,-24.89,3.53
624,chernyshevskiy,68.0,RU,2/15/2019,67.0,63.01,112.47,17.28,11.81
625,bandarban,40.0,BD,2/15/2019,60.0,22.2,92.22,69.8,2.98
626,picos,64.0,BR,2/15/2019,98.0,-7.08,-41.47,70.97,1.74
627,sinazongwe,0.0,ZM,2/15/2019,87.0,-17.26,27.46,74.16,4.99
628,do rud,,,,,,,,
629,dumas,0.0,IN,2/15/2019,87.0,21.09,72.71,59.0,2.24
630,namibe,8.0,AO,2/15/2019,100.0,-15.19,12.15,72.86,10.25
631,bolungarvik,,,,,,,,
632,kenitra,40.0,MA,2/15/2019,93.0,34.26,-6.57,51.8,2.24
633,mineral wells,1.0,US,2/15/2019,80.0,32.81,-98.11,48.2,14.83
634,slave lake,90.0,CA,2/15/2019,71.0,55.28,-114.77,6.8,3.36
635,duku,0.0,NG,2/15/2019,31.0,11.24,4.91,65.43,11.03
636,oyama,75.0,JP,2/15/2019,43.0,36.31,139.8,50.0,2.24
637,taltal,0.0,CL,2/15/2019,100.0,-25.41,-70.49,58.19,1.3
638,sechura,76.0,PE,2/15/2019,87.0,-5.56,-80.82,75.74,3.87
639,faya,0.0,SA,2/15/2019,71.0,18.39,42.45,59.0,11.41
